<?xml version="1.0" encoding="UTF-8"?>
<project-private xmlns="http://www.netbeans.org/ns/project-private/1">
    <editor-bookmarks xmlns="http://www.netbeans.org/ns/editor-bookmarks/2" lastBookmarkId="0"/>
    <open-files xmlns="http://www.netbeans.org/ns/projectui-open-files/2">
        <group>
            <file>file:/C:/Users/SALSHA/OneDrive/Documents/NetBeansProjects/employee/src/java/DataStore.java</file>
            <file>file:/C:/Users/SALSHA/OneDrive/Documents/NetBeansProjects/employee/web/search.html</file>
            <file>file:/C:/Users/SALSHA/OneDrive/Documents/NetBeansProjects/employee/web/create.html</file>
            <file>file:/C:/Users/SALSHA/OneDrive/Documents/NetBeansProjects/employee/src/java/Employee.java</file>
            <file>file:/C:/Users/SALSHA/OneDrive/Documents/NetBeansProjects/employee/src/java/EmployeeServlet.java</file>
        </group>
    </open-files>
</project-private>
